Date,Close
2013-04-01,26.0
2013-04-02,26.3799991607666
2013-04-03,26.0
2013-04-04,26.329999923706055
2013-04-05,26.3799991607666
2013-04-08,26.950000762939453
2013-04-09,27.309999465942383
2013-04-10,27.829999923706055
2013-04-11,27.65999984741211
2013-04-12,27.56999969482422
2013-04-15,27.170000076293945
2013-04-16,27.020000457763672
2013-04-17,27.34000015258789
2013-04-18,27.489999771118164
2013-04-19,27.329999923706055
2013-04-22,27.3799991607666
2013-04-23,27.729999542236328
2013-04-24,26.940000534057617
2013-04-25,26.219999313354492
2013-04-26,25.5
2013-04-29,25.530000686645508
2013-04-30,25.530000686645508
2013-05-01,26.09000015258789
2013-05-02,27.479999542236328
2013-05-03,27.81999969482422
2013-05-06,27.799999237060547
2013-05-07,27.899999618530273
2013-05-08,27.899999618530273
2013-05-09,27.799999237060547
2013-05-10,28.06999969482422
2013-05-13,28.420000076293945
2013-05-14,28.420000076293945
2013-05-15,28.149999618530273
2013-05-16,28.010000228881836
2013-05-17,28.209999084472656
2013-05-20,28.739999771118164
2013-05-21,28.649999618530273
2013-05-22,28.020000457763672
2013-05-23,27.739999771118164
2013-05-24,27.639999389648438
2013-05-28,27.649999618530273
2013-05-29,27.25
2013-05-30,27.059999465942383
2013-05-31,25.90999984741211
2013-06-03,25.90999984741211
2013-06-04,26.780000686645508
2013-06-05,26.549999237060547
2013-06-06,26.530000686645508
2013-06-07,26.709999084472656
2013-06-10,27.489999771118164
2013-06-11,26.8700008392334
2013-06-12,26.280000686645508
2013-06-13,25.75
2013-06-14,25.600000381469727
2013-06-17,25.389999389648438
2013-06-18,25.1200008392334
2013-06-19,25.690000534057617
2013-06-20,24.8799991607666
2013-06-21,24.68000030517578
2013-06-24,23.799999237060547
2013-06-25,24.329999923706055
2013-06-26,24.290000915527344
2013-06-27,24.829999923706055
2013-06-28,24.860000610351562
2013-07-01,25.030000686645508
2013-07-02,24.700000762939453
2013-07-03,24.780000686645508
2013-07-05,25.15999984741211
2013-07-08,25.079999923706055
2013-07-09,25.0
2013-07-10,25.170000076293945
2013-07-11,25.15999984741211
2013-07-12,24.959999084472656
2013-07-15,26.420000076293945
2013-07-16,25.829999923706055
2013-07-17,25.389999389648438
2013-07-18,25.25
2013-07-19,25.110000610351562
2013-07-22,25.049999237060547
2013-07-23,25.219999313354492
2013-07-24,25.100000381469727
2013-07-25,25.600000381469727
2013-07-26,25.770000457763672
2013-07-29,25.6200008392334
2013-07-30,25.489999771118164
2013-07-31,25.18000030517578
2013-08-01,25.84000015258789
2013-08-02,25.479999542236328
2013-08-05,25.260000228881836
2013-08-06,25.65999984741211
2013-08-07,25.739999771118164
2013-08-08,26.989999771118164
2013-08-09,26.729999542236328
2013-08-12,26.649999618530273
2013-08-13,27.0
2013-08-14,26.93000030517578
2013-08-15,26.790000915527344
2013-08-16,26.139999389648438
2013-08-19,26.059999465942383
2013-08-20,27.0
2013-08-21,27.06999969482422
2013-08-22,27.889999389648438
2013-08-23,27.719999313354492
2013-08-26,27.40999984741211
2013-08-27,26.8700008392334
2013-08-28,26.829999923706055
2013-08-29,27.079999923706055
2013-08-30,27.440000534057617
2013-09-03,27.809999465942383
2013-09-04,27.639999389648438
2013-09-05,28.139999389648438
2013-09-06,28.290000915527344
2013-09-09,28.899999618530273
2013-09-10,28.93000030517578
2013-09-11,28.989999771118164
2013-09-12,28.93000030517578
2013-09-13,28.950000762939453
2013-09-16,28.6299991607666
2013-09-17,29.299999237060547
2013-09-18,29.5
2013-09-19,29.3700008392334
2013-09-20,29.049999237060547
2013-09-23,29.18000030517578
2013-09-24,29.1299991607666
2013-09-25,28.969999313354492
2013-09-26,29.209999084472656
2013-09-27,30.09000015258789
2013-09-30,30.239999771118164
2013-10-01,29.700000762939453
2013-10-02,28.399999618530273
2013-10-03,25.959999084472656
2013-10-04,27.0
2013-10-07,26.350000381469727
2013-10-08,26.020000457763672
2013-10-09,25.84000015258789
2013-10-10,26.649999618530273
2013-10-11,26.459999084472656
2013-10-14,26.850000381469727
2013-10-15,26.389999389648438
2013-10-16,26.700000762939453
2013-10-17,26.65999984741211
2013-10-18,26.520000457763672
2013-10-21,27.15999984741211
2013-10-22,27.729999542236328
2013-10-23,27.549999237060547
2013-10-24,28.940000534057617
2013-10-25,28.780000686645508
2013-10-28,29.09000015258789
2013-10-29,29.559999465942383
2013-10-30,29.0
2013-10-31,29.149999618530273
2013-11-01,29.170000076293945
2013-11-04,29.18000030517578
2013-11-05,29.68000030517578
2013-11-06,29.8700008392334
2013-11-07,29.280000686645508
2013-11-08,29.389999389648438
2013-11-11,29.549999237060547
2013-11-12,29.649999618530273
2013-11-13,30.219999313354492
2013-11-14,30.5
2013-11-15,30.690000534057617
2013-11-18,30.260000228881836
2013-11-19,29.75
2013-11-20,29.770000457763672
2013-11-21,29.969999313354492
2013-11-22,30.5
2013-11-25,30.700000762939453
2013-11-26,30.790000915527344
2013-11-27,30.559999465942383
2013-11-29,30.829999923706055
2013-12-02,29.959999084472656
2013-12-03,28.940000534057617
2013-12-04,29.040000915527344
2013-12-05,29.09000015258789
2013-12-06,29.049999237060547
2013-12-09,28.420000076293945
2013-12-10,28.8799991607666
2013-12-11,28.329999923706055
2013-12-12,28.5
2013-12-13,28.479999542236328
2013-12-16,28.510000228881836
2013-12-17,28.610000610351562
2013-12-18,29.34000015258789
2013-12-19,29.0
2013-12-20,28.969999313354492
2013-12-23,28.899999618530273
2013-12-24,28.90999984741211
2013-12-26,28.8700008392334
2013-12-27,28.75
2013-12-30,29.219999313354492
2013-12-31,29.479999542236328
2014-01-02,29.1299991607666
2014-01-03,29.280000686645508
2014-01-06,28.6299991607666
2014-01-07,28.479999542236328
2014-01-08,28.559999465942383
2014-01-09,28.3799991607666
2014-01-10,28.56999969482422
2014-01-13,27.969999313354492
2014-01-14,27.850000381469727
2014-01-15,27.600000381469727
2014-01-16,28.190000534057617
2014-01-17,27.979999542236328
2014-01-21,27.729999542236328
2014-01-22,27.829999923706055
2014-01-23,27.479999542236328
2014-01-24,27.399999618530273
2014-01-27,27.1299991607666
2014-01-28,27.299999237060547
2014-01-29,26.8799991607666
2014-01-30,27.360000610351562
2014-01-31,27.690000534057617
2014-02-03,26.190000534057617
2014-02-04,26.260000228881836
2014-02-05,26.18000030517578
2014-02-06,26.889999389648438
2014-02-07,26.520000457763672
2014-02-10,26.59000015258789
2014-02-11,26.350000381469727
2014-02-12,26.209999084472656
2014-02-13,26.110000610351562
2014-02-14,25.969999313354492
2014-02-18,26.0
2014-02-19,26.59000015258789
2014-02-20,27.020000457763672
2014-02-21,27.190000534057617
2014-02-24,27.059999465942383
2014-02-25,26.920000076293945
2014-02-26,26.68000030517578
2014-02-27,26.93000030517578
2014-02-28,26.75
2014-03-03,26.020000457763672
2014-03-04,26.479999542236328
2014-03-05,27.350000381469727
2014-03-06,27.25
2014-03-07,27.81999969482422
2014-03-10,28.459999084472656
2014-03-11,28.31999969482422
2014-03-12,28.020000457763672
2014-03-13,27.709999084472656
2014-03-14,27.739999771118164
2014-03-17,28.239999771118164
2014-03-18,27.739999771118164
2014-03-19,27.790000915527344
2014-03-20,27.760000228881836
2014-03-21,27.350000381469727
2014-03-24,26.860000610351562
2014-03-25,26.690000534057617
2014-03-26,26.549999237060547
2014-03-27,26.420000076293945
2014-03-28,26.31999969482422
2014-03-31,27.329999923706055
2014-04-01,27.8799991607666
2014-04-02,28.059999465942383
2014-04-03,28.139999389648438
2014-04-04,28.1200008392334
2014-04-07,27.670000076293945
2014-04-08,27.469999313354492
2014-04-09,28.510000228881836
2014-04-10,27.969999313354492
2014-04-11,27.399999618530273
2014-04-14,27.219999313354492
2014-04-15,27.739999771118164
2014-04-16,27.989999771118164
2014-04-17,27.959999084472656
2014-04-21,27.959999084472656
2014-04-22,28.239999771118164
2014-04-23,28.229999542236328
2014-04-24,27.09000015258789
2014-04-25,25.979999542236328
2014-04-28,25.65999984741211
2014-04-29,25.6200008392334
2014-04-30,25.639999389648438
2014-05-01,25.8799991607666
2014-05-02,25.989999771118164
2014-05-05,25.8799991607666
2014-05-06,25.719999313354492
2014-05-07,25.25
2014-05-08,25.1299991607666
2014-05-09,25.559999465942383
2014-05-12,26.040000915527344
2014-05-13,25.8799991607666
2014-05-14,25.190000534057617
2014-05-15,24.790000915527344
2014-05-16,24.979999542236328
2014-05-19,25.520000457763672
2014-05-20,25.079999923706055
2014-05-21,24.770000457763672
2014-05-22,24.8700008392334
2014-05-23,25.09000015258789
2014-05-27,25.399999618530273
2014-05-28,25.549999237060547
2014-05-29,25.649999618530273
2014-05-30,26.229999542236328
2014-06-02,26.1200008392334
2014-06-03,25.639999389648438
2014-06-04,25.510000228881836
2014-06-05,25.8799991607666
2014-06-06,25.920000076293945
2014-06-09,26.309999465942383
2014-06-10,26.530000686645508
2014-06-11,26.920000076293945
2014-06-12,26.809999465942383
2014-06-13,26.979999542236328
2014-06-16,27.850000381469727
2014-06-17,28.059999465942383
2014-06-18,28.059999465942383
2014-06-19,28.25
2014-06-20,27.770000457763672
2014-06-23,27.8700008392334
2014-06-24,28.260000228881836
2014-06-25,27.75
2014-06-26,27.559999465942383
2014-06-27,27.90999984741211
2014-06-30,28.479999542236328
2014-07-01,28.31999969482422
2014-07-02,28.440000534057617
2014-07-03,28.239999771118164
2014-07-07,27.940000534057617
2014-07-08,27.270000457763672
2014-07-09,27.399999618530273
2014-07-10,27.059999465942383
2014-07-11,26.75
2014-07-14,26.690000534057617
2014-07-15,25.8700008392334
2014-07-16,24.920000076293945
2014-07-17,24.290000915527344
2014-07-18,24.600000381469727
2014-07-21,25.309999465942383
2014-07-22,25.270000457763672
2014-07-23,24.690000534057617
2014-07-24,25.799999237060547
2014-07-25,26.459999084472656
2014-07-28,26.6200008392334
2014-07-29,26.239999771118164
2014-07-30,26.5
2014-07-31,26.290000915527344
2014-08-01,26.31999969482422
2014-08-04,26.739999771118164
2014-08-05,26.639999389648438
2014-08-06,26.649999618530273
2014-08-07,26.84000015258789
2014-08-08,26.829999923706055
2014-08-11,26.889999389648438
2014-08-12,26.450000762939453
2014-08-13,26.40999984741211
2014-08-14,26.790000915527344
2014-08-15,26.639999389648438
2014-08-18,27.18000030517578
2014-08-19,26.920000076293945
2014-08-20,27.010000228881836
2014-08-21,26.93000030517578
2014-08-22,27.100000381469727
2014-08-25,27.329999923706055
2014-08-26,27.110000610351562
2014-08-27,27.270000457763672
2014-08-28,27.579999923706055
2014-08-29,27.719999313354492
2014-09-02,28.079999923706055
2014-09-03,28.559999465942383
2014-09-04,28.209999084472656
2014-09-05,27.950000762939453
2014-09-08,27.809999465942383
2014-09-09,27.850000381469727
2014-09-10,27.940000534057617
2014-09-11,28.239999771118164
2014-09-12,28.229999542236328
2014-09-15,27.790000915527344
2014-09-16,27.899999618530273
2014-09-17,27.84000015258789
2014-09-18,27.90999984741211
2014-09-19,27.639999389648438
2014-09-22,27.690000534057617
2014-09-23,27.450000762939453
2014-09-24,27.389999389648438
2014-09-25,27.260000228881836
2014-09-26,27.149999618530273
2014-09-29,27.59000015258789
2014-09-30,27.459999084472656
2014-10-01,26.56999969482422
2014-10-02,26.40999984741211
2014-10-03,26.31999969482422
2014-10-06,26.18000030517578
2014-10-07,26.190000534057617
2014-10-08,26.520000457763672
2014-10-09,26.780000686645508
2014-10-10,26.920000076293945
2014-10-13,26.670000076293945
2014-10-14,27.459999084472656
2014-10-15,27.719999313354492
2014-10-16,27.940000534057617
2014-10-17,27.799999237060547
2014-10-20,27.959999084472656
2014-10-21,27.940000534057617
2014-10-22,27.860000610351562
2014-10-23,28.549999237060547
2014-10-24,28.760000228881836
2014-10-27,28.530000686645508
2014-10-28,29.059999465942383
2014-10-29,28.950000762939453
2014-10-30,29.360000610351562
2014-10-31,29.459999084472656
2014-11-03,29.549999237060547
2014-11-04,29.110000610351562
2014-11-05,29.139999389648438
2014-11-06,29.0
2014-11-07,28.850000381469727
2014-11-10,28.989999771118164
2014-11-11,30.18000030517578
2014-11-12,30.600000381469727
2014-11-13,30.440000534057617
2014-11-14,30.329999923706055
2014-11-17,30.219999313354492
2014-11-18,30.389999389648438
2014-11-19,30.049999237060547
2014-11-20,30.270000457763672
2014-11-21,30.40999984741211
2014-11-24,31.1299991607666
2014-11-25,31.34000015258789
2014-11-26,31.239999771118164
2014-11-28,31.3799991607666
2014-12-01,31.0
2014-12-02,30.950000762939453
2014-12-03,30.829999923706055
2014-12-04,30.309999465942383
2014-12-05,30.459999084472656
2014-12-08,30.15999984741211
2014-12-09,30.1299991607666
2014-12-10,29.559999465942383
2014-12-11,29.479999542236328
2014-12-12,29.510000228881836
2014-12-15,29.690000534057617
2014-12-16,29.229999542236328
2014-12-17,29.65999984741211
2014-12-18,29.600000381469727
2014-12-19,29.989999771118164
2014-12-22,30.010000228881836
2014-12-23,30.139999389648438
2014-12-24,30.489999771118164
2014-12-26,30.729999542236328
2014-12-29,30.639999389648438
2014-12-30,31.100000381469727
2014-12-31,30.899999618530273
2015-01-02,30.030000686645508
2015-01-05,29.559999465942383
2015-01-06,29.489999771118164
2015-01-07,30.209999084472656
2015-01-08,30.600000381469727
2015-01-09,30.469999313354492
2015-01-12,30.350000381469727
2015-01-13,30.43000030517578
2015-01-14,29.649999618530273
2015-01-15,29.8700008392334
2015-01-16,30.049999237060547
2015-01-20,30.170000076293945
2015-01-21,30.149999618530273
2015-01-22,31.790000915527344
2015-01-23,32.060001373291016
2015-01-26,33.61000061035156
2015-01-27,33.380001068115234
2015-01-28,33.650001525878906
2015-01-29,33.630001068115234
2015-01-30,33.33000183105469
2015-02-02,33.630001068115234
2015-02-03,33.709999084472656
2015-02-04,34.45000076293945
2015-02-05,33.959999084472656
2015-02-06,33.45000076293945
2015-02-09,33.880001068115234
2015-02-10,33.63999938964844
2015-02-11,34.0
2015-02-12,34.52000045776367
2015-02-13,34.939998626708984
2015-02-17,33.7599983215332
2015-02-18,33.2599983215332
2015-02-19,34.93000030517578
2015-02-20,35.540000915527344
2015-02-23,35.349998474121094
2015-02-24,34.93000030517578
2015-02-25,35.119998931884766
2015-02-26,35.0099983215332
2015-02-27,34.970001220703125
2015-03-02,34.86000061035156
2015-03-03,34.790000915527344
2015-03-04,34.619998931884766
2015-03-05,34.720001220703125
2015-03-06,33.79999923706055
2015-03-09,33.709999084472656
2015-03-10,33.790000915527344
2015-03-11,33.70000076293945
2015-03-12,34.709999084472656
2015-03-13,34.13999938964844
2015-03-16,33.959999084472656
2015-03-17,34.11000061035156
2015-03-18,34.63999938964844
2015-03-19,34.560001373291016
2015-03-20,34.540000915527344
2015-03-23,34.349998474121094
2015-03-24,34.0099983215332
2015-03-25,33.93000030517578
2015-03-26,33.93000030517578
2015-03-27,33.709999084472656
2015-03-30,34.0
2015-03-31,33.709999084472656
2015-04-01,33.529998779296875
2015-04-02,34.25
2015-04-06,35.900001525878906
2015-04-07,35.279998779296875
2015-04-08,36.33000183105469
2015-04-09,36.18000030517578
2015-04-10,36.18000030517578
2015-04-13,36.2400016784668
2015-04-14,36.18000030517578
2015-04-15,35.86000061035156
2015-04-16,36.099998474121094
2015-04-17,35.9900016784668
2015-04-20,36.650001525878906
2015-04-21,37.0
2015-04-22,37.5099983215332
2015-04-23,37.400001525878906
2015-04-24,37.619998931884766
2015-04-27,37.619998931884766
2015-04-28,37.29999923706055
2015-04-29,37.59000015258789
2015-04-30,37.36000061035156
2015-05-01,37.88999938964844
2015-05-04,37.95000076293945
2015-05-05,37.400001525878906
2015-05-06,37.08000183105469
2015-05-07,36.720001220703125
2015-05-08,36.63999938964844
2015-05-11,36.68000030517578
2015-05-12,37.02000045776367
2015-05-13,37.2400016784668
2015-05-14,37.75
2015-05-15,37.869998931884766
2015-05-18,39.08000183105469
2015-05-19,39.13999938964844
2015-05-20,38.93000030517578
2015-05-21,38.970001220703125
2015-05-22,39.13999938964844
2015-05-26,38.56999969482422
2015-05-27,38.77000045776367
2015-05-28,39.9900016784668
2015-05-29,40.34000015258789
2015-06-01,41.68000030517578
2015-06-02,40.369998931884766
2015-06-03,40.130001068115234
2015-06-04,40.630001068115234
2015-06-05,41.13999938964844
2015-06-08,40.779998779296875
2015-06-09,41.27000045776367
2015-06-10,41.380001068115234
2015-06-11,41.540000915527344
2015-06-12,42.470001220703125
2015-06-15,43.09000015258789
2015-06-16,42.439998626708984
2015-06-17,42.650001525878906
2015-06-18,43.09000015258789
2015-06-19,43.220001220703125
2015-06-22,43.060001373291016
2015-06-23,42.939998626708984
2015-06-24,42.90999984741211
2015-06-25,42.869998931884766
2015-06-26,41.209999084472656
2015-06-29,39.91999816894531
2015-06-30,40.27000045776367
2015-07-01,39.369998931884766
2015-07-02,39.02000045776367
2015-07-06,38.41999816894531
2015-07-07,36.2599983215332
2015-07-08,35.369998931884766
2015-07-09,35.369998931884766
2015-07-10,36.459999084472656
2015-07-13,37.2599983215332
2015-07-14,37.41999816894531
2015-07-15,37.209999084472656
2015-07-16,37.93000030517578
2015-07-17,38.02000045776367
2015-07-20,38.709999084472656
2015-07-21,37.5
2015-07-22,37.88999938964844
2015-07-23,37.25
2015-07-24,36.40999984741211
2015-07-27,36.20000076293945
2015-07-28,36.650001525878906
2015-07-29,37.5
2015-07-30,37.09000015258789
2015-07-31,37.40999984741211
2015-08-03,37.40999984741211
2015-08-04,37.40999984741211
2015-08-05,37.97999954223633
2015-08-06,36.41999816894531
2015-08-07,36.689998626708984
2015-08-10,37.939998626708984
2015-08-11,35.790000915527344
2015-08-12,34.7400016784668
2015-08-13,35.220001220703125
2015-08-14,34.869998931884766
2015-08-17,35.380001068115234
2015-08-18,34.529998779296875
2015-08-19,34.33000183105469
2015-08-20,32.15999984741211
2015-08-21,30.850000381469727
2015-08-24,29.18000030517578
2015-08-25,30.139999389648438
2015-08-26,31.280000686645508
2015-08-27,32.02000045776367
2015-08-28,32.08000183105469
2015-08-31,31.350000381469727
2015-09-01,30.18000030517578
2015-09-02,30.719999313354492
2015-09-03,30.979999542236328
2015-09-04,30.770000457763672
2015-09-08,31.59000015258789
2015-09-09,32.0099983215332
2015-09-10,31.40999984741211
2015-09-11,31.219999313354492
2015-09-14,31.219999313354492
2015-09-15,32.779998779296875
2015-09-16,33.849998474121094
2015-09-17,34.290000915527344
2015-09-18,34.11000061035156
2015-09-21,34.189998626708984
2015-09-22,33.970001220703125
2015-09-23,32.72999954223633
2015-09-24,32.5099983215332
2015-09-25,32.45000076293945
2015-09-28,31.59000015258789
2015-09-29,32.040000915527344
2015-09-30,33.790000915527344
2015-10-01,33.29999923706055
2015-10-02,33.72999954223633
2015-10-05,34.599998474121094
2015-10-06,35.150001525878906
2015-10-07,35.04999923706055
2015-10-08,35.13999938964844
2015-10-09,36.5
2015-10-12,36.900001525878906
2015-10-13,36.2599983215332
2015-10-14,35.689998626708984
2015-10-15,36.380001068115234
2015-10-16,36.72999954223633
2015-10-19,37.599998474121094
2015-10-20,37.18000030517578
2015-10-21,36.810001373291016
2015-10-22,37.59000015258789
2015-10-23,37.56999969482422
2015-10-26,37.709999084472656
2015-10-27,37.97999954223633
2015-10-28,38.16999816894531
2015-10-29,38.279998779296875
2015-10-30,38.38999938964844
2015-11-02,38.939998626708984
2015-11-03,38.68000030517578
2015-11-04,38.709999084472656
2015-11-05,38.790000915527344
2015-11-06,39.16999816894531
2015-11-09,39.33000183105469
2015-11-10,39.349998474121094
2015-11-11,39.400001525878906
2015-11-12,38.56999969482422
2015-11-13,37.65999984741211
2015-11-16,38.06999969482422
2015-11-17,38.58000183105469
2015-11-18,38.66999816894531
2015-11-19,38.849998474121094
2015-11-20,38.119998931884766
2015-11-23,37.66999816894531
2015-11-24,37.380001068115234
2015-11-25,37.9900016784668
2015-11-27,37.939998626708984
2015-11-30,37.880001068115234
2015-12-01,38.779998779296875
2015-12-02,38.77000045776367
2015-12-03,38.209999084472656
2015-12-04,38.72999954223633
2015-12-07,38.439998626708984
2015-12-08,38.939998626708984
2015-12-09,38.099998474121094
2015-12-10,37.36000061035156
2015-12-11,37.310001373291016
2015-12-14,38.099998474121094
2015-12-15,39.02000045776367
2015-12-16,39.58000183105469
2015-12-17,39.099998474121094
2015-12-18,37.83000183105469
2015-12-21,36.2599983215332
2015-12-22,36.68000030517578
2015-12-23,35.93000030517578
2015-12-24,36.09000015258789
2015-12-28,36.040000915527344
2015-12-29,36.540000915527344
2015-12-30,36.119998931884766
2015-12-31,35.540000915527344
2016-01-04,33.91999816894531
2016-01-05,33.630001068115234
2016-01-06,33.040000915527344
2016-01-07,31.049999237060547
2016-01-08,31.549999237060547
2016-01-11,32.61000061035156
2016-01-12,33.5099983215332
2016-01-13,32.220001220703125
2016-01-14,32.349998474121094
2016-01-15,31.530000686645508
2016-01-19,31.170000076293945
2016-01-20,30.389999389648438
2016-01-21,29.799999237060547
2016-01-22,30.649999618530273
2016-01-25,30.079999923706055
2016-01-26,31.1299991607666
2016-01-27,29.360000610351562
2016-01-28,28.5
2016-01-29,31.059999465942383
2016-02-01,30.350000381469727
2016-02-02,29.239999771118164
2016-02-03,29.1200008392334
2016-02-04,28.950000762939453
2016-02-05,27.81999969482422
2016-02-08,26.8799991607666
2016-02-09,26.450000762939453
2016-02-10,26.15999984741211
2016-02-11,26.309999465942383
2016-02-12,25.989999771118164
2016-02-16,29.0
2016-02-17,31.0
2016-02-18,30.940000534057617
2016-02-19,30.489999771118164
2016-02-22,31.399999618530273
2016-02-23,31.399999618530273
2016-02-24,32.150001525878906
2016-02-25,28.5
2016-02-26,29.299999237060547
2016-02-29,29.510000228881836
2016-03-01,30.559999465942383
2016-03-02,30.260000228881836
2016-03-03,30.90999984741211
2016-03-04,32.060001373291016
2016-03-07,31.850000381469727
2016-03-08,31.25
2016-03-09,32.0
2016-03-10,32.0099983215332
2016-03-11,32.47999954223633
2016-03-14,32.04999923706055
2016-03-15,31.09000015258789
2016-03-16,31.639999389648438
2016-03-17,32.099998474121094
2016-03-18,31.6299991607666
2016-03-21,32.11000061035156
2016-03-22,30.809999465942383
2016-03-23,30.170000076293945
2016-03-24,30.18000030517578
2016-03-28,30.3799991607666
2016-03-29,31.1299991607666
2016-03-30,30.770000457763672
2016-03-31,31.09000015258789
2016-04-01,30.969999313354492
2016-04-04,30.75
2016-04-05,29.760000228881836
2016-04-06,30.040000915527344
2016-04-07,29.479999542236328
2016-04-08,29.84000015258789
2016-04-11,29.309999465942383
2016-04-12,29.450000762939453
2016-04-13,30.959999084472656
2016-04-14,31.290000915527344
2016-04-15,31.649999618530273
2016-04-18,32.68000030517578
2016-04-19,32.81999969482422
2016-04-20,32.939998626708984
2016-04-21,32.630001068115234
2016-04-22,32.5
2016-04-25,32.54999923706055
2016-04-26,32.4900016784668
2016-04-27,32.540000915527344
2016-04-28,32.54999923706055
2016-04-29,32.0
2016-05-02,32.75
2016-05-03,32.79999923706055
2016-05-04,32.599998474121094
2016-05-05,32.79999923706055
2016-05-06,32.88999938964844
2016-05-09,32.72999954223633
2016-05-10,33.189998626708984
2016-05-11,32.86000061035156
2016-05-12,32.54999923706055
2016-05-13,32.15999984741211
2016-05-16,32.41999816894531
2016-05-17,31.920000076293945
2016-05-18,32.310001373291016
2016-05-19,32.130001068115234
2016-05-20,32.75
2016-05-23,32.150001525878906
2016-05-24,32.77000045776367
2016-05-25,32.88999938964844
2016-05-26,33.08000183105469
2016-05-27,33.36000061035156
2016-05-31,33.34000015258789
2016-06-01,33.40999984741211
2016-06-02,33.5
2016-06-03,32.81999969482422
2016-06-06,32.5
2016-06-07,31.399999618530273
2016-06-08,30.270000457763672
2016-06-09,30.06999969482422
2016-06-10,29.540000915527344
2016-06-13,29.559999465942383
2016-06-14,29.75
2016-06-15,30.110000610351562
2016-06-16,29.90999984741211
2016-06-17,29.84000015258789
2016-06-20,29.989999771118164
2016-06-21,29.079999923706055
2016-06-22,29.049999237060547
2016-06-23,29.920000076293945
2016-06-24,28.889999389648438
2016-06-27,27.6299991607666
2016-06-28,27.690000534057617
2016-06-29,28.5
2016-06-30,29.479999542236328
2016-07-01,29.049999237060547
2016-07-05,28.579999923706055
2016-07-06,28.549999237060547
2016-07-07,28.610000610351562
2016-07-08,29.020000457763672
2016-07-11,28.920000076293945
2016-07-12,29.170000076293945
2016-07-13,29.31999969482422
2016-07-14,30.5
2016-07-15,30.540000915527344
2016-07-18,30.360000610351562
2016-07-19,30.170000076293945
2016-07-20,30.1200008392334
2016-07-21,34.470001220703125
2016-07-22,34.18000030517578
2016-07-25,33.15999984741211
2016-07-26,32.41999816894531
2016-07-27,31.940000534057617
2016-07-28,32.04999923706055
2016-07-29,31.59000015258789
2016-08-01,31.299999237060547
2016-08-02,32.7599983215332
2016-08-03,32.599998474121094
2016-08-04,32.220001220703125
2016-08-05,32.31999969482422
2016-08-08,32.0099983215332
2016-08-09,31.84000015258789
2016-08-10,31.520000457763672
2016-08-11,31.579999923706055
2016-08-12,31.899999618530273
2016-08-15,31.5
2016-08-16,31.209999084472656
2016-08-17,30.579999923706055
2016-08-18,30.25
2016-08-19,30.040000915527344
2016-08-22,29.530000686645508
2016-08-23,29.989999771118164
2016-08-24,30.739999771118164
2016-08-25,30.59000015258789
2016-08-26,30.40999984741211
2016-08-29,30.56999969482422
2016-08-30,30.75
2016-08-31,30.489999771118164
2016-09-01,30.709999084472656
2016-09-02,31.209999084472656
2016-09-06,30.1299991607666
2016-09-07,30.139999389648438
2016-09-08,29.5
2016-09-09,29.020000457763672
2016-09-12,29.600000381469727
2016-09-13,29.049999237060547
2016-09-14,28.729999542236328
2016-09-15,29.639999389648438
2016-09-16,29.190000534057617
2016-09-19,29.40999984741211
2016-09-20,29.09000015258789
2016-09-21,29.469999313354492
2016-09-22,29.3799991607666
2016-09-23,29.799999237060547
2016-09-26,29.399999618530273
2016-09-27,29.579999923706055
2016-09-28,29.399999618530273
2016-09-29,28.780000686645508
2016-09-30,28.969999313354492
2016-10-03,28.209999084472656
2016-10-04,29.260000228881836
2016-10-05,29.40999984741211
2016-10-06,29.239999771118164
2016-10-07,29.030000686645508
2016-10-10,29.079999923706055
2016-10-11,28.280000686645508
2016-10-12,27.950000762939453
2016-10-13,28.6200008392334
2016-10-14,30.170000076293945
2016-10-17,29.719999313354492
2016-10-18,30.139999389648438
2016-10-19,30.440000534057617
2016-10-20,31.729999542236328
2016-10-21,31.219999313354492
2016-10-24,31.010000228881836
2016-10-25,30.780000686645508
2016-10-26,30.8799991607666
2016-10-27,30.399999618530273
2016-10-28,30.34000015258789
2016-10-31,30.25
2016-11-01,29.75
2016-11-02,29.850000381469727
2016-11-03,30.149999618530273
2016-11-04,31.049999237060547
2016-11-07,31.5
2016-11-08,31.450000762939453
2016-11-09,32.150001525878906
2016-11-10,32.400001525878906
2016-11-11,32.54999923706055
2016-11-14,32.75
2016-11-15,33.0
2016-11-16,33.70000076293945
2016-11-17,34.29999923706055
2016-11-18,34.5
2016-11-21,34.79999923706055
2016-11-22,34.150001525878906
2016-11-23,34.099998474121094
2016-11-25,34.5
2016-11-28,32.04999923706055
2016-11-29,31.549999237060547
2016-11-30,31.950000762939453
2016-12-01,31.049999237060547
2016-12-02,31.049999237060547
2016-12-05,31.149999618530273
2016-12-06,31.25
2016-12-07,32.04999923706055
2016-12-08,32.45000076293945
2016-12-09,32.54999923706055
2016-12-12,32.099998474121094
2016-12-13,31.799999237060547
2016-12-14,31.600000381469727
2016-12-15,31.350000381469727
2016-12-16,30.899999618530273
2016-12-19,31.149999618530273
2016-12-20,31.100000381469727
2016-12-21,31.200000762939453
2016-12-22,30.75
2016-12-23,31.100000381469727
2016-12-27,31.799999237060547
2016-12-28,31.049999237060547
2016-12-29,31.549999237060547
2016-12-30,31.399999618530273
2017-01-03,31.899999618530273
2017-01-04,31.950000762939453
2017-01-05,32.04999923706055
2017-01-06,32.04999923706055
2017-01-09,32.04999923706055
2017-01-10,32.150001525878906
2017-01-11,33.0
2017-01-12,32.849998474121094
2017-01-13,33.0
2017-01-17,31.700000762939453
2017-01-18,31.450000762939453
2017-01-19,31.649999618530273
2017-01-20,31.950000762939453
2017-01-23,31.850000381469727
2017-01-24,32.5
2017-01-25,33.150001525878906
2017-01-26,33.25
2017-01-27,33.04999923706055
2017-01-30,32.45000076293945
2017-01-31,32.599998474121094
2017-02-01,31.600000381469727
2017-02-02,31.649999618530273
2017-02-03,31.799999237060547
2017-02-06,31.600000381469727
2017-02-07,32.150001525878906
2017-02-08,32.79999923706055
2017-02-09,32.900001525878906
2017-02-10,32.70000076293945
2017-02-13,33.29999923706055
2017-02-14,32.79999923706055
2017-02-15,33.0
2017-02-16,31.299999237060547
2017-02-17,31.450000762939453
2017-02-21,30.899999618530273
2017-02-22,30.75
2017-02-23,31.149999618530273
2017-02-24,32.75
2017-02-27,32.349998474121094
2017-02-28,32.349998474121094
2017-03-01,32.650001525878906
2017-03-02,32.599998474121094
2017-03-03,32.5
2017-03-06,32.29999923706055
2017-03-07,32.45000076293945
2017-03-08,32.45000076293945
2017-03-09,32.849998474121094
2017-03-10,33.150001525878906
2017-03-13,33.25
2017-03-14,33.099998474121094
2017-03-15,32.900001525878906
2017-03-16,32.79999923706055
2017-03-17,33.650001525878906
2017-03-20,34.25
2017-03-21,33.150001525878906
2017-03-22,33.29999923706055
2017-03-23,33.900001525878906
2017-03-24,33.95000076293945
2017-03-27,34.099998474121094
2017-03-28,34.0
2017-03-29,33.79999923706055
2017-03-30,34.04999923706055
2017-03-31,34.0
2017-04-03,33.599998474121094
2017-04-04,33.54999923706055
2017-04-05,32.849998474121094
2017-04-06,32.599998474121094
2017-04-07,31.950000762939453
2017-04-10,32.04999923706055
2017-04-11,32.25
2017-04-12,31.649999618530273
2017-04-13,31.899999618530273
2017-04-17,32.650001525878906
2017-04-18,32.20000076293945
2017-04-19,32.20000076293945
2017-04-20,32.099998474121094
2017-04-21,31.899999618530273
2017-04-24,31.149999618530273
2017-04-25,31.149999618530273
2017-04-26,31.200000762939453
2017-04-27,30.75
2017-04-28,30.5
2017-05-01,30.799999237060547
2017-05-02,30.950000762939453
2017-05-03,30.850000381469727
2017-05-04,30.450000762939453
2017-05-05,30.649999618530273
2017-05-08,30.399999618530273
2017-05-09,30.5
2017-05-10,30.350000381469727
2017-05-11,29.850000381469727
2017-05-12,29.100000381469727
2017-05-15,27.899999618530273
2017-05-16,27.600000381469727
2017-05-17,27.100000381469727
2017-05-18,27.100000381469727
2017-05-19,27.100000381469727
2017-05-22,27.0
2017-05-23,26.5
2017-05-24,25.600000381469727
2017-05-25,25.799999237060547
2017-05-26,27.0
2017-05-30,25.649999618530273
2017-05-31,25.049999237060547
2017-06-01,26.0
2017-06-02,26.399999618530273
2017-06-05,25.850000381469727
2017-06-06,25.149999618530273
2017-06-07,24.25
2017-06-08,24.149999618530273
2017-06-09,24.100000381469727
2017-06-12,24.0
2017-06-13,25.25
2017-06-14,25.100000381469727
2017-06-15,25.0
2017-06-16,25.200000762939453
2017-06-19,25.049999237060547
2017-06-20,24.5
2017-06-21,24.200000762939453
2017-06-22,23.049999237060547
2017-06-23,23.299999237060547
2017-06-26,23.450000762939453
2017-06-27,23.149999618530273
2017-06-28,23.200000762939453
2017-06-29,23.100000381469727
2017-06-30,22.0
2017-07-03,22.299999237060547
2017-07-05,21.649999618530273
2017-07-06,21.149999618530273
2017-07-07,21.549999237060547
2017-07-10,22.0
2017-07-11,22.350000381469727
2017-07-12,21.200000762939453
2017-07-13,21.75
2017-07-14,21.5
2017-07-17,20.299999237060547
2017-07-18,20.5
2017-07-19,20.649999618530273
2017-07-20,21.200000762939453
2017-07-21,21.25
2017-07-24,21.5
2017-07-25,21.700000762939453
2017-07-26,21.850000381469727
2017-07-27,21.100000381469727
2017-07-28,21.950000762939453
2017-07-31,21.399999618530273
2017-08-01,22.049999237060547
2017-08-02,20.299999237060547
2017-08-03,20.299999237060547
2017-08-04,20.450000762939453
2017-08-07,20.450000762939453
2017-08-08,20.649999618530273
2017-08-09,19.850000381469727
2017-08-10,19.600000381469727
2017-08-11,19.0
2017-08-14,18.850000381469727
2017-08-15,18.549999237060547
2017-08-16,18.399999618530273
2017-08-17,18.75
2017-08-18,18.25
2017-08-21,18.049999237060547
2017-08-22,18.049999237060547
2017-08-23,17.700000762939453
2017-08-24,18.350000381469727
2017-08-25,18.799999237060547
2017-08-28,18.799999237060547
2017-08-29,18.25
2017-08-30,18.5
2017-08-31,18.649999618530273
2017-09-01,19.549999237060547
2017-09-05,19.5
2017-09-06,19.75
2017-09-07,19.100000381469727
2017-09-08,19.049999237060547
2017-09-11,19.899999618530273
2017-09-12,20.100000381469727
2017-09-13,20.75
2017-09-14,21.0
2017-09-15,22.049999237060547
2017-09-18,22.149999618530273
2017-09-19,22.0
2017-09-20,22.899999618530273
2017-09-21,22.899999618530273
2017-09-22,23.100000381469727
2017-09-25,23.149999618530273
2017-09-26,22.899999618530273
2017-09-27,23.200000762939453
2017-09-28,23.100000381469727
2017-09-29,22.649999618530273
2017-10-02,22.649999618530273
2017-10-03,23.100000381469727
2017-10-04,22.700000762939453
2017-10-05,22.75
2017-10-06,22.5
2017-10-09,21.700000762939453
2017-10-10,21.75
2017-10-11,21.450000762939453
2017-10-12,21.200000762939453
2017-10-13,21.149999618530273
2017-10-16,21.149999618530273
2017-10-17,20.5
2017-10-18,21.049999237060547
2017-10-19,20.899999618530273
2017-10-20,21.299999237060547
2017-10-23,20.950000762939453
2017-10-24,21.200000762939453
2017-10-25,21.0
2017-10-26,23.399999618530273
2017-10-27,24.899999618530273
2017-10-30,24.149999618530273
2017-10-31,24.25
2017-11-01,24.149999618530273
2017-11-02,24.100000381469727
2017-11-03,24.100000381469727
2017-11-06,24.350000381469727
2017-11-07,24.299999237060547
2017-11-08,24.149999618530273
2017-11-09,23.350000381469727
2017-11-10,23.549999237060547
2017-11-13,23.100000381469727
2017-11-14,23.850000381469727
2017-11-15,24.100000381469727
2017-11-16,24.5
2017-11-17,24.700000762939453
2017-11-20,24.549999237060547
2017-11-21,24.950000762939453
2017-11-22,24.649999618530273
2017-11-24,24.75
2017-11-27,25.0
2017-11-28,26.399999618530273
2017-11-29,26.049999237060547
2017-11-30,25.399999618530273
2017-12-01,24.549999237060547
2017-12-04,24.549999237060547
2017-12-05,24.25
2017-12-06,23.899999618530273
2017-12-07,23.75
2017-12-08,23.75
2017-12-11,24.899999618530273
2017-12-12,25.200000762939453
2017-12-13,24.350000381469727
2017-12-14,24.700000762939453
2017-12-15,25.0
2017-12-18,24.649999618530273
2017-12-19,24.799999237060547
2017-12-20,24.600000381469727
2017-12-21,24.75
2017-12-22,23.799999237060547
2017-12-26,23.100000381469727
2017-12-27,23.149999618530273
2017-12-28,23.299999237060547
2017-12-29,23.149999618530273
2018-01-02,23.200000762939453
2018-01-03,23.049999237060547
2018-01-04,22.549999237060547
2018-01-05,21.850000381469727
2018-01-08,20.799999237060547
2018-01-09,20.450000762939453
2018-01-10,20.450000762939453
2018-01-11,20.200000762939453
2018-01-12,20.700000762939453
2018-01-16,20.700000762939453
2018-01-17,20.450000762939453
2018-01-18,21.0
2018-01-19,20.25
2018-01-22,20.100000381469727
2018-01-23,20.149999618530273
2018-01-24,19.899999618530273
2018-01-25,19.5
2018-01-26,19.25
2018-01-29,19.549999237060547
2018-01-30,19.25
2018-01-31,19.850000381469727
2018-02-01,20.100000381469727
2018-02-02,20.299999237060547
2018-02-05,19.799999237060547
2018-02-06,19.600000381469727
2018-02-07,20.450000762939453
2018-02-08,19.950000762939453
2018-02-09,20.149999618530273
2018-02-12,20.799999237060547
2018-02-13,21.049999237060547
2018-02-14,21.799999237060547
2018-02-15,22.899999618530273
2018-02-16,22.600000381469727
2018-02-20,23.25
2018-02-21,22.950000762939453
2018-02-22,23.049999237060547
2018-02-23,23.200000762939453
2018-02-26,23.649999618530273
2018-02-27,23.25
2018-02-28,21.100000381469727
2018-03-01,20.0
2018-03-02,20.950000762939453
2018-03-05,20.600000381469727
2018-03-06,20.700000762939453
2018-03-07,20.850000381469727
2018-03-08,20.350000381469727
2018-03-09,20.649999618530273
2018-03-12,20.899999618530273
2018-03-13,20.649999618530273
2018-03-14,21.149999618530273
2018-03-15,21.149999618530273
2018-03-16,20.75
2018-03-19,20.149999618530273
2018-03-20,20.0
2018-03-21,19.899999618530273
2018-03-22,19.25
2018-03-23,19.0
2018-03-26,19.450000762939453
2018-03-27,19.75
2018-03-28,19.549999237060547
2018-03-29,19.200000762939453
2018-04-02,19.75
2018-04-03,21.299999237060547
2018-04-04,21.600000381469727
2018-04-05,21.899999618530273
2018-04-06,22.100000381469727
2018-04-09,21.399999618530273
2018-04-10,21.5
2018-04-11,21.700000762939453
2018-04-12,21.600000381469727
2018-04-13,21.899999618530273
2018-04-16,22.299999237060547
2018-04-17,22.200000762939453
2018-04-18,22.5
2018-04-19,22.299999237060547
2018-04-20,22.600000381469727
2018-04-23,22.850000381469727
2018-04-24,22.950000762939453
2018-04-25,23.600000381469727
2018-04-26,23.200000762939453
2018-04-27,23.100000381469727
2018-04-30,23.200000762939453
2018-05-01,21.600000381469727
2018-05-02,22.600000381469727
2018-05-03,22.799999237060547
2018-05-04,22.75
2018-05-07,23.75
2018-05-08,23.600000381469727
2018-05-09,23.25
2018-05-10,23.799999237060547
2018-05-11,23.75
2018-05-14,23.600000381469727
2018-05-15,23.850000381469727
2018-05-16,24.200000762939453
2018-05-17,23.850000381469727
2018-05-18,22.850000381469727
2018-05-21,22.950000762939453
2018-05-22,22.5
2018-05-23,22.0
2018-05-24,21.799999237060547
2018-05-25,21.5
2018-05-29,21.0
2018-05-30,21.049999237060547
2018-05-31,20.899999618530273
2018-06-01,20.899999618530273
2018-06-04,20.600000381469727
2018-06-05,21.200000762939453
2018-06-06,21.600000381469727
2018-06-07,21.200000762939453
2018-06-08,21.25
2018-06-11,21.649999618530273
2018-06-12,21.700000762939453
2018-06-13,21.899999618530273
2018-06-14,22.0
2018-06-15,21.850000381469727
2018-06-18,22.350000381469727
2018-06-19,22.149999618530273
2018-06-20,22.75
2018-06-21,23.0
2018-06-22,22.600000381469727
2018-06-25,22.700000762939453
2018-06-26,22.5
2018-06-27,22.25
2018-06-28,22.200000762939453
2018-06-29,22.149999618530273
2018-07-02,21.450000762939453
2018-07-03,21.600000381469727
2018-07-05,22.649999618530273
2018-07-06,22.899999618530273
2018-07-09,22.799999237060547
2018-07-10,22.950000762939453
2018-07-11,23.049999237060547
2018-07-12,23.75
2018-07-13,23.799999237060547
2018-07-16,23.549999237060547
2018-07-17,23.600000381469727
2018-07-18,22.850000381469727
2018-07-19,22.899999618530273
2018-07-20,22.649999618530273
2018-07-23,22.649999618530273
2018-07-24,22.549999237060547
2018-07-25,23.049999237060547
2018-07-26,22.200000762939453
2018-07-27,21.75
2018-07-30,21.25
2018-07-31,22.100000381469727
2018-08-01,21.899999618530273
2018-08-02,22.299999237060547
2018-08-03,22.450000762939453
2018-08-06,22.600000381469727
2018-08-07,22.799999237060547
2018-08-08,22.600000381469727
2018-08-09,22.450000762939453
2018-08-10,22.75
2018-08-13,22.75
2018-08-14,23.299999237060547
2018-08-15,23.100000381469727
2018-08-16,22.75
2018-08-17,22.399999618530273
2018-08-20,23.149999618530273
2018-08-21,23.5
2018-08-22,23.850000381469727
2018-08-23,24.350000381469727
2018-08-24,24.5
2018-08-27,24.399999618530273
2018-08-28,24.399999618530273
2018-08-29,24.0
2018-08-30,23.649999618530273
2018-08-31,23.5
2018-09-04,24.0
2018-09-05,23.899999618530273
2018-09-06,24.049999237060547
2018-09-07,24.0
2018-09-10,24.200000762939453
2018-09-11,24.5
2018-09-12,25.049999237060547
2018-09-13,25.100000381469727
2018-09-14,25.149999618530273
2018-09-17,25.100000381469727
2018-09-18,25.049999237060547
2018-09-19,25.299999237060547
2018-09-20,25.25
2018-09-21,24.899999618530273
2018-09-24,25.149999618530273
2018-09-25,25.549999237060547
2018-09-26,25.850000381469727
2018-09-27,25.899999618530273
2018-09-28,25.799999237060547
2018-10-01,25.049999237060547
2018-10-02,25.0
2018-10-03,24.860000610351562
2018-10-04,24.420000076293945
2018-10-05,24.479999542236328
2018-10-08,24.8700008392334
2018-10-09,24.34000015258789
2018-10-10,23.989999771118164
2018-10-11,22.899999618530273
2018-10-12,23.020000457763672
2018-10-15,22.93000030517578
2018-10-16,23.549999237060547
2018-10-17,23.020000457763672
2018-10-18,22.56999969482422
2018-10-19,22.450000762939453
2018-10-22,22.709999084472656
2018-10-23,22.239999771118164
2018-10-24,21.020000457763672
2018-10-25,19.709999084472656
2018-10-26,20.0
2018-10-29,20.170000076293945
2018-10-30,19.809999465942383
2018-10-31,19.360000610351562
2018-11-01,20.170000076293945
2018-11-02,19.770000457763672
2018-11-05,19.950000762939453
2018-11-06,19.950000762939453
2018-11-07,20.1299991607666
2018-11-08,19.989999771118164
2018-11-09,19.18000030517578
2018-11-12,19.5
2018-11-13,19.59000015258789
2018-11-14,19.920000076293945
2018-11-15,19.6299991607666
2018-11-16,19.520000457763672
2018-11-19,19.139999389648438
2018-11-20,18.170000076293945
2018-11-21,18.979999542236328
2018-11-23,18.889999389648438
2018-11-26,19.049999237060547
2018-11-27,19.1299991607666
2018-11-28,19.579999923706055
2018-11-29,19.030000686645508
2018-11-30,18.559999465942383
2018-12-03,18.690000534057617
2018-12-04,18.510000228881836
2018-12-06,18.709999084472656
2018-12-07,18.530000686645508
2018-12-10,18.440000534057617
2018-12-11,19.100000381469727
2018-12-12,19.540000915527344
2018-12-13,19.3700008392334
2018-12-14,19.479999542236328
2018-12-17,19.1200008392334
2018-12-18,19.0
2018-12-19,18.739999771118164
2018-12-20,18.190000534057617
2018-12-21,17.860000610351562
2018-12-24,17.780000686645508
2018-12-26,18.489999771118164
2018-12-27,18.3700008392334
2018-12-28,18.540000915527344
2018-12-31,18.809999465942383
2019-01-02,18.75
2019-01-03,18.579999923706055
2019-01-04,19.309999465942383
2019-01-07,19.65999984741211
2019-01-08,20.0
2019-01-09,19.5
2019-01-10,19.5
2019-01-11,19.479999542236328
2019-01-14,19.559999465942383
2019-01-15,19.520000457763672
2019-01-16,19.6200008392334
2019-01-17,19.81999969482422
2019-01-18,20.399999618530273
2019-01-22,19.920000076293945
2019-01-23,20.350000381469727
2019-01-24,20.799999237060547
2019-01-25,21.0
2019-01-28,21.079999923706055
2019-01-29,21.020000457763672
2019-01-30,20.84000015258789
2019-01-31,20.770000457763672
2019-02-01,20.34000015258789
2019-02-04,20.6200008392334
2019-02-05,20.8700008392334
2019-02-06,20.610000610351562
2019-02-07,20.65999984741211
2019-02-08,20.969999313354492
2019-02-11,20.489999771118164
2019-02-12,20.760000228881836
2019-02-13,21.059999465942383
2019-02-14,21.360000610351562
2019-02-15,21.219999313354492
2019-02-19,20.950000762939453
2019-02-20,21.489999771118164
2019-02-21,21.3799991607666
2019-02-22,21.719999313354492
2019-02-25,20.780000686645508
2019-02-26,20.84000015258789
2019-02-27,22.65999984741211
2019-02-28,22.90999984741211
2019-03-01,22.969999313354492
2019-03-04,22.75
2019-03-05,23.219999313354492
2019-03-06,22.950000762939453
2019-03-07,22.489999771118164
2019-03-08,22.829999923706055
2019-03-11,23.360000610351562
2019-03-12,23.350000381469727
2019-03-13,23.399999618530273
2019-03-14,23.360000610351562
2019-03-15,23.1299991607666
2019-03-18,23.110000610351562
2019-03-19,22.889999389648438
2019-03-20,22.84000015258789
2019-03-21,22.950000762939453
2019-03-22,22.56999969482422
2019-03-25,22.829999923706055
2019-03-26,22.770000457763672
2019-03-27,22.610000610351562
2019-03-28,22.670000076293945
2019-03-29,22.68000030517578
2019-04-01,22.68000030517578
2019-04-02,22.030000686645508
2019-04-03,22.440000534057617
2019-04-04,23.059999465942383
2019-04-05,23.5
2019-04-08,23.6200008392334
2019-04-09,23.520000457763672
2019-04-10,23.950000762939453
2019-04-11,24.200000762939453
2019-04-12,24.899999618530273
2019-04-15,24.889999389648438
2019-04-16,25.270000457763672
2019-04-17,25.40999984741211
2019-04-18,25.329999923706055
2019-04-22,25.09000015258789
2019-04-23,24.850000381469727
2019-04-24,25.030000686645508
2019-04-25,25.040000915527344
2019-04-26,24.43000030517578
2019-04-29,24.200000762939453
2019-04-30,24.3799991607666
2019-05-01,24.420000076293945
2019-05-02,25.399999618530273
2019-05-03,24.84000015258789
2019-05-06,24.739999771118164
2019-05-07,24.18000030517578
2019-05-08,23.540000915527344
2019-05-09,23.329999923706055
2019-05-10,23.780000686645508
2019-05-13,23.079999923706055
2019-05-14,23.510000228881836
2019-05-15,23.59000015258789
2019-05-16,23.459999084472656
2019-05-17,23.239999771118164
2019-05-20,23.1200008392334
2019-05-21,23.350000381469727
2019-05-22,23.18000030517578
2019-05-23,22.219999313354492
2019-05-24,22.100000381469727
2019-05-28,22.309999465942383
2019-05-29,22.010000228881836
2019-05-30,22.329999923706055
2019-05-31,21.760000228881836
2019-06-03,21.270000457763672
2019-06-04,21.329999923706055
2019-06-05,20.639999389648438
2019-06-06,20.299999237060547
2019-06-07,20.229999542236328
2019-06-10,19.84000015258789
2019-06-11,19.920000076293945
2019-06-12,19.559999465942383
2019-06-13,19.809999465942383
2019-06-14,19.959999084472656
2019-06-17,20.139999389648438
2019-06-18,20.1299991607666
2019-06-19,20.420000076293945
2019-06-20,19.90999984741211
2019-06-21,19.829999923706055
2019-06-24,19.360000610351562
2019-06-25,19.030000686645508
2019-06-26,18.959999084472656
2019-06-27,19.200000762939453
2019-06-28,20.200000762939453
2019-07-01,20.290000915527344
2019-07-02,20.3700008392334
2019-07-03,20.3700008392334
2019-07-05,20.440000534057617
2019-07-08,20.059999465942383
2019-07-09,20.229999542236328
2019-07-10,20.31999969482422
2019-07-11,20.209999084472656
2019-07-12,20.420000076293945
2019-07-15,20.489999771118164
2019-07-16,20.760000228881836
2019-07-17,20.239999771118164
2019-07-18,19.940000534057617
2019-07-19,20.3700008392334
2019-07-22,20.31999969482422
2019-07-23,20.5
2019-07-24,20.889999389648438
2019-07-25,21.059999465942383
2019-07-26,21.450000762939453
2019-07-29,21.5
2019-07-30,21.31999969482422
2019-07-31,21.950000762939453
2019-08-01,21.3799991607666
2019-08-02,21.5
2019-08-05,20.809999465942383
2019-08-06,21.049999237060547
2019-08-07,21.020000457763672
2019-08-08,21.5
2019-08-09,21.479999542236328
2019-08-12,21.09000015258789
2019-08-13,21.3700008392334
2019-08-14,20.549999237060547
2019-08-15,20.530000686645508
2019-08-16,21.1200008392334
2019-08-19,21.139999389648438
2019-08-20,21.100000381469727
2019-08-21,21.219999313354492
2019-08-22,21.520000457763672
2019-08-23,20.90999984741211
2019-08-26,20.799999237060547
2019-08-27,20.3700008392334
2019-08-28,20.780000686645508
2019-08-29,21.079999923706055
2019-08-30,20.920000076293945
2019-09-03,20.770000457763672
2019-09-04,21.149999618530273
2019-09-05,21.850000381469727
2019-09-06,21.959999084472656
2019-09-09,22.139999389648438
2019-09-10,22.209999084472656
2019-09-11,22.84000015258789
2019-09-12,22.100000381469727
2019-09-13,22.690000534057617
2019-09-16,22.770000457763672
2019-09-17,22.510000228881836
2019-09-18,22.43000030517578
2019-09-19,21.739999771118164
2019-09-20,21.850000381469727
2019-09-23,21.8799991607666
2019-09-24,22.049999237060547
2019-09-25,22.270000457763672
2019-09-26,22.309999465942383
2019-09-27,21.770000457763672
2019-09-30,21.950000762939453
2019-10-01,21.690000534057617
2019-10-02,21.75
2019-10-03,21.600000381469727
2019-10-04,21.389999389648438
2019-10-07,21.06999969482422
2019-10-08,20.8700008392334
2019-10-09,20.799999237060547
2019-10-10,20.579999923706055
2019-10-11,20.8799991607666
2019-10-14,20.68000030517578
2019-10-15,20.549999237060547
2019-10-16,20.459999084472656
2019-10-17,21.079999923706055
2019-10-18,21.110000610351562
2019-10-21,20.84000015258789
2019-10-22,21.450000762939453
2019-10-23,21.399999618530273
2019-10-24,20.959999084472656
2019-10-25,21.3700008392334
2019-10-28,21.43000030517578
2019-10-29,21.290000915527344
2019-10-30,20.979999542236328
2019-10-31,21.350000381469727
2019-11-01,21.6299991607666
2019-11-04,21.690000534057617
2019-11-05,21.68000030517578
2019-11-06,21.579999923706055
2019-11-07,21.68000030517578
2019-11-08,21.75
2019-11-11,21.860000610351562
2019-11-12,21.25
2019-11-13,21.030000686645508
2019-11-14,20.969999313354492
2019-11-15,21.059999465942383
2019-11-18,20.8700008392334
2019-11-19,21.5
2019-11-20,21.6299991607666
2019-11-21,21.510000228881836
2019-11-22,21.299999237060547
2019-11-25,21.5
2019-11-26,21.399999618530273
2019-11-27,21.770000457763672
2019-11-29,21.5
2019-12-02,21.31999969482422
2019-12-03,21.200000762939453
2019-12-04,21.440000534057617
2019-12-05,21.549999237060547
2019-12-06,21.84000015258789
2019-12-09,21.6200008392334
2019-12-10,21.489999771118164
2019-12-11,21.479999542236328
2019-12-12,21.670000076293945
2019-12-13,21.920000076293945
2019-12-16,22.059999465942383
2019-12-17,22.290000915527344
2019-12-18,22.15999984741211
2019-12-19,22.06999969482422
2019-12-20,21.8799991607666
2019-12-23,21.059999465942383
2019-12-24,21.139999389648438
2019-12-26,21.149999618530273
2019-12-27,20.780000686645508
2019-12-30,20.6299991607666
2019-12-31,20.43000030517578
2020-01-02,20.5
2020-01-03,20.709999084472656
2020-01-06,20.81999969482422
2020-01-07,20.899999618530273
2020-01-08,20.0
2020-01-09,19.600000381469727
2020-01-10,19.6299991607666
2020-01-13,19.920000076293945
2020-01-14,20.170000076293945
2020-01-15,20.239999771118164
2020-01-16,20.510000228881836
2020-01-17,20.420000076293945
2020-01-21,19.540000915527344
2020-01-22,19.020000457763672
2020-01-23,18.290000915527344
2020-01-24,17.969999313354492
2020-01-27,17.209999084472656
2020-01-28,17.540000915527344
2020-01-29,17.1200008392334
2020-01-30,17.139999389648438
2020-01-31,16.540000915527344
2020-02-03,16.81999969482422
2020-02-04,16.860000610351562
2020-02-05,17.709999084472656
2020-02-06,17.989999771118164
2020-02-07,17.170000076293945
2020-02-10,17.149999618530273
2020-02-11,17.110000610351562
2020-02-12,17.770000457763672
2020-02-13,17.610000610351562
2020-02-14,17.81999969482422
2020-02-18,17.100000381469727
2020-02-19,17.100000381469727
2020-02-20,17.200000762939453
2020-02-21,16.899999618530273
2020-02-24,16.579999923706055
2020-02-25,15.979999542236328
2020-02-26,15.470000267028809
2020-02-27,15.34000015258789
2020-02-28,15.579999923706055
2020-03-02,15.5
2020-03-03,15.319999694824219
2020-03-04,15.5
2020-03-05,14.819999694824219
2020-03-06,15.029999732971191
2020-03-09,14.449999809265137
2020-03-10,15.279999732971191
2020-03-11,14.609999656677246
2020-03-12,10.850000381469727
2020-03-13,11.100000381469727
2020-03-16,9.149999618530273
2020-03-17,7.159999847412109
2020-03-18,7.199999809265137
2020-03-19,11.470000267028809
2020-03-20,10.579999923706055
2020-03-23,10.760000228881836
2020-03-24,10.699999809265137
2020-03-25,10.140000343322754
2020-03-26,10.25
2020-03-27,9.079999923706055
2020-03-30,8.529999732971191
2020-03-31,9.050000190734863
